{
  "accuracy": 0.9444444444444444,
  "macro_f1": 0.8037984617799403,
  "classification_report": {
    "left": {
      "precision": 0.9437939110070258,
      "recall": 0.9975247524752475,
      "f1-score": 0.9699157641395909,
      "support": 404.0
    },
    "right": {
      "precision": 0.9565217391304348,
      "recall": 0.4782608695652174,
      "f1-score": 0.6376811594202898,
      "support": 46.0
    },
    "accuracy": 0.9444444444444444,
    "macro avg": {
      "precision": 0.9501578250687304,
      "recall": 0.7378928110202325,
      "f1-score": 0.8037984617799403,
      "support": 450.0
    },
    "weighted avg": {
      "precision": 0.9450949778818633,
      "recall": 0.9444444444444444,
      "f1-score": 0.9359540045460623,
      "support": 450.0
    }
  },
  "family": "sklearn",
  "model_id": "tfidf_randomforest",
  "n_eval_docs": 450,
  "n_features": 7439
}