{
  "accuracy": 0.9511111111111111,
  "macro_f1": 0.8490853658536586,
  "classification_report": {
    "left": {
      "precision": 0.9591346153846154,
      "recall": 0.9876237623762376,
      "f1-score": 0.973170731707317,
      "support": 404.0
    },
    "right": {
      "precision": 0.8529411764705882,
      "recall": 0.6304347826086957,
      "f1-score": 0.725,
      "support": 46.0
    },
    "accuracy": 0.9511111111111111,
    "macro avg": {
      "precision": 0.9060378959276019,
      "recall": 0.8090292724924666,
      "f1-score": 0.8490853658536586,
      "support": 450.0
    },
    "weighted avg": {
      "precision": 0.9482792860734038,
      "recall": 0.9511111111111111,
      "f1-score": 0.9478021680216802,
      "support": 450.0
    }
  },
  "family": "spacy",
  "model_id": "spacy_bow_quick",
  "n_eval_docs": 450
}