{
  "accuracy": 0.9466666666666667,
  "macro_f1": 0.838988609934999,
  "classification_report": {
    "left": {
      "precision": 0.9589371980676329,
      "recall": 0.9826732673267327,
      "f1-score": 0.9706601466992665,
      "support": 404.0
    },
    "right": {
      "precision": 0.8055555555555556,
      "recall": 0.6304347826086957,
      "f1-score": 0.7073170731707317,
      "support": 46.0
    },
    "accuracy": 0.9466666666666667,
    "macro avg": {
      "precision": 0.8822463768115942,
      "recall": 0.8065540249677141,
      "f1-score": 0.838988609934999,
      "support": 450.0
    },
    "weighted avg": {
      "precision": 0.9432581857219537,
      "recall": 0.9466666666666667,
      "f1-score": 0.9437406325163495,
      "support": 450.0
    }
  },
  "family": "spacy",
  "model_id": "spacy_cnn_quick",
  "n_eval_docs": 450
}