{
  "accuracy": 0.8666666666666667,
  "macro_f1": 0.6738500193274063,
  "classification_report": {
    "left": {
      "precision": 0.9387755102040817,
      "recall": 0.9108910891089109,
      "f1-score": 0.9246231155778895,
      "support": 404.0
    },
    "right": {
      "precision": 0.3793103448275862,
      "recall": 0.4782608695652174,
      "f1-score": 0.4230769230769231,
      "support": 46.0
    },
    "accuracy": 0.8666666666666667,
    "macro avg": {
      "precision": 0.6590429275158339,
      "recall": 0.6945759793370642,
      "f1-score": 0.6738500193274063,
      "support": 450.0
    },
    "weighted avg": {
      "precision": 0.8815857377433732,
      "recall": 0.8666666666666667,
      "f1-score": 0.8733539492333462,
      "support": 450.0
    }
  },
  "family": "sklearn",
  "model_id": "tfidf_randomtree",
  "n_eval_docs": 450,
  "n_features": 7439
}